{"cameraMode":{"drawMode":0,"name":"Shaded","section":"Shading Mode"},"sceneLighting":false,"audioPlay":false,"sceneViewState":{"showFog":false,"showMaterialUpdate":false,"showSkybox":false,"showFlares":false,"showImageEffects":false,"showParticleSystems":false},"in2DMode":false,"pivot":{"x":-24.70575523376465,"y":-35.32535934448242,"z":-43.26142883300781},"rotation":{"x":-0.08758030086755753,"y":0.8893747925758362,"z":-0.40553024411201479,"w":-0.1920742243528366},"size":79.10057830810547,"orthographic":false}